대학,단과대학,학과,전형분류,전형,정원,비고
서울대학교,인문대학,인문계열,학생부종합전형,지역균형선발전형,55,
서울대학교,인문대학,국어국문학과,학생부종합전형,일반전형,9,
서울대학교,인문대학,중어중문학과,학생부종합전형,일반전형,9,
서울대학교,인문대학,영어영문학과,학생부종합전형,일반전형,9,
서울대학교,인문대학,불어불문학과,학생부종합전형,일반전형,9,
서울대학교,인문대학,독어독문학과,학생부종합전형,일반전형,9,
서울대학교,인문대학,노어노문학과,학생부종합전형,일반전형,9,
서울대학교,인문대학,서어서문학과,학생부종합전형,일반전형,9,
서울대학교,인문대학,언어학과,학생부종합전형,일반전형,9,
서울대학교,인문대학,아시아언어문명학부,학생부종합전형,일반전형,9,
서울대학교,인문대학,국사학과,학생부종합전형,일반전형,9,
서울대학교,인문대학,동양사학과,학생부종합전형,일반전형,9,
서울대학교,인문대학,서양사학과,학생부종합전형,일반전형,9,
서울대학교,인문대학,고고미술사학과,학생부종합전형,일반전형,9,
서울대학교,인문대학,철학과,학생부종합전형,일반전형,9,
서울대학교,인문대학,종교학과,학생부종합전형,일반전형,9,
서울대학교,인문대학,미학과,학생부종합전형,일반전형,9,
서울대학교,사회과학대학,정치외교학부,학생부종합전형,지역균형선발전형,23,
서울대학교,사회과학대학,정치외교학부,학생부종합전형,일반전형,26,
서울대학교,사회과학대학,경제학부,학생부종합전형,지역균형선발전형,40,
서울대학교,사회과학대학,경제학부,학생부종합전형,일반전형,64,
서울대학교,사회과학대학,사회학과,학생부종합전형,지역균형선발전형,7,
서울대학교,사회과학대학,사회학과,학생부종합전형,일반전형,10,
서울대학교,사회과학대학,인류학과,학생부종합전형,지역균형선발전형,7,
서울대학교,사회과학대학,인류학과,학생부종합전형,일반전형,13,
서울대학교,사회과학대학,심리학과,학생부종합전형,지역균형선발전형,7,
서울대학교,사회과학대학,심리학과,학생부종합전형,일반전형,8,
서울대학교,사회과학대학,지리학과,학생부종합전형,지역균형선발전형,7,
서울대학교,사회과학대학,지리학과,학생부종합전형,일반전형,9,
서울대학교,사회과학대학,사회복지학과,학생부종합전형,지역균형선발전형,7,
서울대학교,사회과학대학,사회복지학과,학생부종합전형,일반전형,7,
서울대학교,사회과학대학,언론정보학과,학생부종합전형,일반전형,14,
서울대학교,자연과학대학,수리과학부,학생부종합전형,지역균형선발전형,9,
서울대학교,자연과학대학,수리과학부,학생부종합전형,일반전형,18,
서울대학교,자연과학대학,통계학과,학생부종합전형,지역균형선발전형,9,
서울대학교,자연과학대학,통계학과,학생부종합전형,일반전형,16,
서울대학교,자연과학대학,물리천문학부 - 물리학전공,학생부종합전형,지역균형선발전형,9,
서울대학교,자연과학대학,물리천문학부 - 물리학전공,학생부종합전형,일반전형,24,
서울대학교,자연과학대학,물리천문학부 - 천문학전공,학생부종합전형,일반전형,6,
서울대학교,자연과학대학,화학부,학생부종합전형,지역균형선발전형,9,
서울대학교,자연과학대학,화학부,학생부종합전형,일반전형,21,
서울대학교,자연과학대학,생명과학부,학생부종합전형,지역균형선발전형,13,
서울대학교,자연과학대학,생명과학부,학생부종합전형,일반전형,27,
서울대학교,자연과학대학,지구환경과학부,학생부종합전형,지역균형선발전형,6,
서울대학교,자연과학대학,지구환경과학부,학생부종합전형,일반전형,25,
서울대학교,간호대학,간호학과,학생부종합전형,지역균형선발전형,12,
서울대학교,간호대학,간호학과,학생부종합전형,일반전형,32,
서울대학교,경영대학,경영학과,학생부종합전형,지역균형선발전형,27,
서울대학교,경영대학,경영학과,학생부종합전형,일반전형,50,
서울대학교,공과대학,건설환경공학부,학생부종합전형,지역균형선발전형,9,
서울대학교,공과대학,건설환경공학부,학생부종합전형,일반전형,29,
서울대학교,공과대학,기계공학부,학생부종합전형,지역균형선발전형,24,
서울대학교,공과대학,기계공학부,학생부종합전형,일반전형,55,
서울대학교,공과대학,재료공학부,학생부종합전형,지역균형선발전형,20,
서울대학교,공과대학,재료공학부,학생부종합전형,일반전형,42,
서울대학교,공과대학,전기정보공학부,학생부종합전형,지역균형선발전형,33,
서울대학교,공과대학,전기정보공학부,학생부종합전형,일반전형,80,
서울대학교,공과대학,컴퓨터공학부,학생부종합전형,지역균형선발전형,22,
서울대학교,공과대학,컴퓨터공학부,학생부종합전형,일반전형,28,
서울대학교,공과대학,화학생물공학부,학생부종합전형,지역균형선발전형,17,
서울대학교,공과대학,화학생물공학부,학생부종합전형,일반전형,45,
서울대학교,공과대학,건축학과,학생부종합전형,지역균형선발전형,11,
서울대학교,공과대학,건축학과,학생부종합전형,일반전형,28,
서울대학교,공과대학,산업공학과,학생부종합전형,지역균형선발전형,7,
서울대학교,공과대학,산업공학과,학생부종합전형,일반전형,12,
서울대학교,공과대학,에너지자원공학과,학생부종합전형,지역균형선발전형,8,
서울대학교,공과대학,에너지자원공학과,학생부종합전형,일반전형,17,
서울대학교,공과대학,원자핵공학과,학생부종합전형,지역균형선발전형,11,
서울대학교,공과대학,원자핵공학과,학생부종합전형,일반전형,17,
서울대학교,공과대학,조선해양공학과,학생부종합전형,지역균형선발전형,8,
서울대학교,공과대학,조선해양공학과,학생부종합전형,일반전형,25,
서울대학교,공과대학,항공우주공학과,학생부종합전형,지역균형선발전형,8,
서울대학교,공과대학,항공우주공학과,학생부종합전형,일반전형,18,
서울대학교,농업생명과학대학,농경제사회학부,학생부종합전형,지역균형선발전형,10,
서울대학교,농업생명과학대학,농경제사회학부,학생부종합전형,일반전형,19,
서울대학교,농업생명과학대학,식물생산과학부,학생부종합전형,지역균형선발전형,9,
서울대학교,농업생명과학대학,식물생산과학부,학생부종합전형,일반전형,29,
서울대학교,농업생명과학대학,산림과학부,학생부종합전형,지역균형선발전형,7,
서울대학교,농업생명과학대학,산림과학부,학생부종합전형,일반전형,24,
서울대학교,농업생명과학대학,식품동물생명공학부,학생부종합전형,지역균형선발전형,6,
서울대학교,농업생명과학대학,식품동물생명공학부,학생부종합전형,일반전형,20,
서울대학교,농업생명과학대학,응용생물화학부,학생부종합전형,지역균형선발전형,9,
서울대학교,농업생명과학대학,응용생물화학부,학생부종합전형,일반전형,19,
서울대학교,농업생명과학대학,조경지역시스템공학부,학생부종합전형,지역균형선발전형,7,
서울대학교,농업생명과학대학,조경지역시스템공학부,학생부종합전형,일반전형,17,
서울대학교,농업생명과학대학,바이오시스템소재학부,학생부종합전형,지역균형선발전형,7,
서울대학교,농업생명과학대학,바이오시스템소재학부,학생부종합전형,일반전형,16,
서울대학교,미술대학,동양화과,학생부종합전형,지역균형선발전형,2,
서울대학교,미술대학,동양화과,학생부종합전형,일반전형,8,
서울대학교,미술대학,서양화과,학생부종합전형,지역균형선발전형,2,
서울대학교,미술대학,서양화과,학생부종합전형,일반전형,19,
서울대학교,미술대학,조소과,학생부종합전형,지역균형선발전형,2,
서울대학교,미술대학,조소과,학생부종합전형,일반전형,18,
서울대학교,미술대학,공예과,학생부종합전형,지역균형선발전형,2,
서울대학교,미술대학,디자인과,학생부종합전형,지역균형선발전형,2,
서울대학교,미술대학,디자인과,학생부종합전형,일반전형,6,
서울대학교,사범대학,교육학과,학생부종합전형,일반전형,12,
서울대학교,사범대학,국어교육과,학생부종합전형,지역균형선발전형,5,
서울대학교,사범대학,국어교육과,학생부종합전형,일반전형,10,
서울대학교,사범대학,영어교육과,학생부종합전형,지역균형선발전형,5,
서울대학교,사범대학,영어교육과,학생부종합전형,일반전형,12,
서울대학교,사범대학,독어교육과,학생부종합전형,지역균형선발전형,5,
서울대학교,사범대학,독어교육과,학생부종합전형,일반전형,10,
서울대학교,사범대학,불어교육과,학생부종합전형,지역균형선발전형,5,
서울대학교,사범대학,불어교육과,학생부종합전형,일반전형,10,
서울대학교,사범대학,사회교육과,학생부종합전형,지역균형선발전형,6,
서울대학교,사범대학,사회교육과,학생부종합전형,일반전형,6,
서울대학교,사범대학,역사교육과,학생부종합전형,지역균형선발전형,6,
서울대학교,사범대학,역사교육과,학생부종합전형,일반전형,6,
서울대학교,사범대학,지리교육과,학생부종합전형,지역균형선발전형,6,
서울대학교,사범대학,지리교육과,학생부종합전형,일반전형,6,
서울대학교,사범대학,윤리교육과,학생부종합전형,지역균형선발전형,3,
서울대학교,사범대학,윤리교육과,학생부종합전형,일반전형,10,
서울대학교,사범대학,수학교육과,학생부종합전형,지역균형선발전형,5,
서울대학교,사범대학,수학교육과,학생부종합전형,일반전형,12,
서울대학교,사범대학,물리교육과,학생부종합전형,지역균형선발전형,3,
서울대학교,사범대학,물리교육과,학생부종합전형,일반전형,7,
서울대학교,사범대학,화학교육과,학생부종합전형,지역균형선발전형,3,
서울대학교,사범대학,화학교육과,학생부종합전형,일반전형,7,
서울대학교,사범대학,생물교육과,학생부종합전형,지역균형선발전형,3,
서울대학교,사범대학,생물교육과,학생부종합전형,일반전형,7,
서울대학교,사범대학,지구과학교육과,학생부종합전형,지역균형선발전형,3,
서울대학교,사범대학,지구과학교육과,학생부종합전형,일반전형,10,
서울대학교,사범대학,체육교육과,학생부종합전형,지역균형선발전형,3,
서울대학교,사범대학,체육교육과,학생부종합전형,일반전형,10,
서울대학교,생활과학대학,소비자아동학부 - 소비자학전공,학생부종합전형,지역균형선발전형,6,
서울대학교,생활과학대학,소비자아동학부 - 소비자학전공,학생부종합전형,일반전형,8,
서울대학교,생활과학대학,소비자아동학부 - 아동가족학전공,학생부종합전형,지역균형선발전형,6,
서울대학교,생활과학대학,소비자아동학부 - 아동가족학전공,학생부종합전형,일반전형,10,
서울대학교,생활과학대학,식품영양학과,학생부종합전형,지역균형선발전형,6,
서울대학교,생활과학대학,식품영양학과,학생부종합전형,일반전형,14,
서울대학교,생활과학대학,의류학과,학생부종합전형,지역균형선발전형,10,
서울대학교,생활과학대학,의류학과,학생부종합전형,일반전형,12,
서울대학교,수의과대학,수의예과,학생부종합전형,지역균형선발전형,7,
서울대학교,수의과대학,수의예과,학생부종합전형,일반전형,20,
서울대학교,약학대학,약학계열,학생부종합전형,지역균형선발전형,12,
서울대학교,약학대학,약학계열,학생부종합전형,일반전형,32,
서울대학교,음악대학,작곡과 - 작곡전공,학생부종합전형,지역균형선발전형,2,
서울대학교,음악대학,작곡과 - 작곡전공,학생부종합전형,일반전형,9,
서울대학교,음악대학,작곡과 - 이론전공,학생부종합전형,지역균형선발전형,1,
서울대학교,음악대학,작곡과 - 이론전공,학생부종합전형,일반전형,6,
서울대학교,음악대학,기악과 - 피아노전공,학생부종합전형,지역균형선발전형,2,
서울대학교,음악대학,기악과 - 피아노전공,학생부종합전형,일반전형,21,
서울대학교,음악대학,기악과 - 현악전공,학생부종합전형,지역균형선발전형,2,
서울대학교,음악대학,기악과 - 현악전공,학생부종합전형,일반전형,27,
서울대학교,음악대학,기악과 - 관현전공,학생부종합전형,일반전형,19,
서울대학교,음악대학,국악과,학생부종합전형,지역균형선발전형,1,
서울대학교,음악대학,국악과,학생부종합전형,일반전형,26,
서울대학교,의과대학,의예과,학생부종합전형,지역균형선발전형,40,
서울대학교,의과대학,의예과,학생부종합전형,일반전형,65,
서울대학교,자유전공학부,자유전공학부,학생부종합전형,지역균형선발전형,25,
서울대학교,자유전공학부,자유전공학부,학생부종합전형,일반전형,61,
서울대학교,치의학대학원,치의학과,학생부종합전형,지역균형선발전형,10,
서울대학교,치의학대학원,치의학과,학생부종합전형,일반전형,22,
연세대학교,문과대학,국어국문학과,학생부교과전형,추천형,9,
연세대학교,문과대학,국어국문학과,학생부종합전형,활동우수형,7,
연세대학교,문과대학,국어국문학과,논술전형,논술전형,4,
연세대학교,문과대학,중어중문학과,학생부교과전형,추천형,6,
연세대학교,문과대학,중어중문학과,학생부종합전형,활동우수형,5,
연세대학교,문과대학,중어중문학과,논술전형,논술전형,3,
연세대학교,문과대학,영어영문학과,학생부교과전형,추천형,14,
연세대학교,문과대학,영어영문학과,학생부종합전형,활동우수형,12,
연세대학교,문과대학,영어영문학과,논술전형,논술전형,7,
연세대학교,문과대학,독어독문학과,학생부교과전형,추천형,6,
연세대학교,문과대학,독어독문학과,학생부종합전형,활동우수형,5,
연세대학교,문과대학,독어독문학과,논술전형,논술전형,15,
연세대학교,문과대학,불어불문학과,학생부교과전형,추천형,6,
연세대학교,문과대학,불어불문학과,학생부종합전형,활동우수형,5,
연세대학교,문과대학,불어불문학과,논술전형,논술전형,15,
연세대학교,문과대학,노어노문학과,학생부교과전형,추천형,6,
연세대학교,문과대학,노어노문학과,학생부종합전형,활동우수형,5,
연세대학교,문과대학,노어노문학과,논술전형,논술전형,15,
연세대학교,문과대학,사학과,학생부교과전형,추천형,9,
연세대학교,문과대학,사학과,학생부종합전형,활동우수형,7,
연세대학교,문과대학,사학과,논술전형,논술전형,4,
연세대학교,문과대학,철학과,학생부교과전형,추천형,7,
연세대학교,문과대학,철학과,학생부종합전형,활동우수형,6,
연세대학교,문과대학,철학과,논술전형,논술전형,17,
연세대학교,문과대학,문헌정보학과,학생부교과전형,추천형,6,
연세대학교,문과대학,문헌정보학과,학생부종합전형,활동우수형,5,
연세대학교,문과대학,문헌정보학과,논술전형,논술전형,15,
연세대학교,문과대학,심리학과,학생부교과전형,추천형,7,
연세대학교,문과대학,심리학과,학생부종합전형,활동우수형,6,
연세대학교,문과대학,심리학과,논술전형,논술전형,17,
연세대학교,상경대학,경제학부,학생부교과전형,추천형,34,
연세대학교,상경대학,경제학부,학생부종합전형,활동우수형,28,
연세대학교,상경대학,경제학부,논술전형,논술전형,14,
연세대학교,상경대학,응용통계학과,학생부교과전형,추천형,11,
연세대학교,상경대학,응용통계학과,학생부종합전형,활동우수형,9,
연세대학교,상경대학,응용통계학과,논술전형,논술전형,5,
연세대학교,경영대학,경영학과,학생부교과전형,추천형,52,
연세대학교,경영대학,경영학과,학생부종합전형,활동우수형,44,
연세대학교,경영대학,경영학과,논술전형,논술전형,22,
연세대학교,이과대학,수학과,학생부교과전형,추천형,7,
연세대학교,이과대학,수학과,학생부종합전형,활동우수형,6,
연세대학교,이과대학,수학과,논술전형,논술전형,8,
연세대학교,이과대학,물리학과,학생부교과전형,추천형,6,
연세대학교,이과대학,물리학과,학생부종합전형,활동우수형,5,
연세대학교,이과대학,물리학과,논술전형,논술전형,7,
연세대학교,이과대학,화학과,학생부교과전형,추천형,9,
연세대학교,이과대학,화학과,학생부종합전형,활동우수형,7,
연세대학교,이과대학,화학과,논술전형,논술전형,9,
연세대학교,이과대학,지구시스템과학과,학생부교과전형,추천형,6,
연세대학교,이과대학,지구시스템과학과,학생부종합전형,활동우수형,5,
연세대학교,이과대학,지구시스템과학과,논술전형,논술전형,7,
연세대학교,이과대학,천문우주학과,학생부교과전형,추천형,5,
연세대학교,이과대학,천문우주학과,학생부종합전형,활동우수형,4,
연세대학교,이과대학,천문우주학과,논술전형,논술전형,6,
연세대학교,이과대학,대기과학과,학생부교과전형,추천형,5,
연세대학교,이과대학,대기과학과,학생부종합전형,활동우수형,4,
연세대학교,이과대학,대기과학과,논술전형,논술전형,6,
연세대학교,공과대학,화공생명공학부,학생부교과전형,추천형,16,
연세대학교,공과대학,화공생명공학부,학생부종합전형,활동우수형,13,
연세대학교,공과대학,화공생명공학부,논술전형,논술전형,18,
연세대학교,공과대학,전기전자공학부,학생부교과전형,추천형,36,
연세대학교,공과대학,전기전자공학부,학생부종합전형,활동우수형,28,
연세대학교,공과대학,전기전자공학부,논술전형,논술전형,39,
연세대학교,공과대학,건축공학과,학생부교과전형,추천형,14,
연세대학교,공과대학,건축공학과,학생부종합전형,활동우수형,11,
연세대학교,공과대학,건축공학과,논술전형,논술전형,16,
연세대학교,공과대학,도시공학과,학생부교과전형,추천형,7,
연세대학교,공과대학,도시공학과,학생부종합전형,활동우수형,5,
연세대학교,공과대학,도시공학과,논술전형,논술전형,7,
연세대학교,공과대학,사회환경시스템공학부,학생부교과전형,추천형,14,
연세대학교,공과대학,사회환경시스템공학부,학생부종합전형,활동우수형,11,
연세대학교,공과대학,사회환경시스템공학부,논술전형,논술전형,16,
연세대학교,공과대학,기계공학부,학생부교과전형,추천형,23,
연세대학교,공과대학,기계공학부,학생부종합전형,활동우수형,18,
연세대학교,공과대학,기계공학부,논술전형,논술전형,25,
연세대학교,공과대학,신소재공학부,학생부교과전형,추천형,19,
연세대학교,공과대학,신소재공학부,학생부종합전형,활동우수형,15,
연세대학교,공과대학,신소재공학부,논술전형,논술전형,21,
연세대학교,공과대학,산업공학과,학생부교과전형,추천형,7,
연세대학교,공과대학,산업공학과,학생부종합전형,활동우수형,6,
연세대학교,공과대학,산업공학과,논술전형,논술전형,8,
연세대학교,공과대학,글로벌융합공학부,학생부종합전형,활동우수형,15,
연세대학교,공과대학,시스템반도체공학과,시스템반도체특별전형,시스템반도체특별전형,40,
연세대학교,생명시스템대학,시스템생물학과,학생부교과전형,추천형,6,
연세대학교,생명시스템대학,시스템생물학과,학생부종합전형,활동우수형,4,
연세대학교,생명시스템대학,시스템생물학과,논술전형,논술전형,6,
연세대학교,생명시스템대학,생화학과,학생부교과전형,추천형,4,
연세대학교,생명시스템대학,생화학과,학생부종합전형,활동우수형,4,
연세대학교,생명시스템대학,생화학과,논술전형,논술전형,6,
연세대학교,생명시스템대학,생명공학과,학생부교과전형,추천형,10,
연세대학교,생명시스템대학,생명공학과,학생부종합전형,활동우수형,8,
연세대학교,생명시스템대학,생명공학과,논술전형,논술전형,11,
연세대학교,인공지능융합대학,컴퓨터과학과,학생부교과전형,추천형,13,
연세대학교,인공지능융합대학,컴퓨터과학과,학생부종합전형,활동우수형,10,
연세대학교,인공지능융합대학,컴퓨터과학과,논술전형,논술전형,14,
연세대학교,인공지능융합대학,인공지능학과,학생부종합전형,활동우수형,15,
연세대학교,신과대학,신학과,학생부교과전형,추천형,9,
연세대학교,신과대학,신학과,학생부종합전형,활동우수형,8,
연세대학교,사회과학대학,정치외교학과,학생부교과전형,추천형,15,
연세대학교,사회과학대학,정치외교학과,학생부종합전형,활동우수형,13,
연세대학교,사회과학대학,정치외교학과,논술전형,논술전형,6,
연세대학교,사회과학대학,행정학과,학생부교과전형,추천형,15,
연세대학교,사회과학대학,행정학과,학생부종합전형,활동우수형,13,
연세대학교,사회과학대학,행정학과,논술전형,논술전형,6,
연세대학교,사회과학대학,사회복지학과,학생부교과전형,추천형,5,
연세대학교,사회과학대학,사회복지학과,학생부종합전형,활동우수형,4,
연세대학교,사회과학대학,사회학과,학생부교과전형,추천형,7,
연세대학교,사회과학대학,사회학과,학생부종합전형,활동우수형,6,
연세대학교,사회과학대학,사회학과,논술전형,논술전형,3,
연세대학교,사회과학대학,문화인류학과,학생부교과전형,추천형,4,
연세대학교,사회과학대학,문화인류학과,학생부종합전형,활동우수형,2,
연세대학교,사회과학대학,언론홍보영상학부,학생부교과전형,추천형,8,
연세대학교,사회과학대학,언론홍보영상학부,학생부종합전형,활동우수형,7,
연세대학교,사회과학대학,언론홍보영상학부,논술전형,논술전형,4,
연세대학교,생활과학대학,의류환경학과,학생부교과전형,추천형,4,
연세대학교,생활과학대학,의류환경학과,학생부종합전형,활동우수형,12,
연세대학교,생활과학대학,식품영양학과,학생부교과전형,추천형,4,
연세대학교,생활과학대학,식품영양학과,학생부종합전형,활동우수형,12,
연세대학교,생활과학대학,실내건축학과,학생부교과전형,추천형,4,
연세대학교,생활과학대학,실내건축학과,학생부종합전형,활동우수형,10,
연세대학교,생활과학대학,아동가족학과,학생부교과전형,추천형,4,
연세대학교,생활과학대학,아동가족학과,학생부종합전형,활동우수형,11,
연세대학교,생활과학대학,생활디자인학과,학생부교과전형,추천형,4,
연세대학교,생활과학대학,생활디자인학과,학생부종합전형,활동우수형,11,
연세대학교,교육과학대학,교육학부,학생부교과전형,추천형,10,
연세대학교,교육과학대학,교육학부,학생부종합전형,활동우수형,9,
연세대학교,교육과학대학,교육학부,논술전형,논술전형,5,
연세대학교,교육과학대학,체육교육학과,특기자전형,특기자전형,19,
연세대학교,교육과학대학,스포츠응용산업학과,특기자전형,특기자전형,19,
연세대학교,언더우드국제대학,언더우드학부(인문사회),학생부종합전형,국제형,30,
연세대학교,언더우드국제대학,언더우드학부(인문사회),특기자전형,특기자전형,114,
연세대학교,언더우드국제대학,언더우드학부(생명과학공학),학생부종합전형,국제형,5,
연세대학교,언더우드국제대학,언더우드학부(생명과학공학),특기자전형,특기자전형,10,
연세대학교,언더우드국제대학,아시아학전공,학생부종합전형,국제형,20,
연세대학교,언더우드국제대학,융합인문사회과학부(HASS),학생부종합전형,국제형,137,
연세대학교,언더우드국제대학,융합과학공학부(ISE),학생부종합전형,국제형,71,
연세대학교,글로벌인재대학,글로벌인재학부,학생부종합전형,국제형,10,
연세대학교,의과대학,의예과,학생부교과전형,추천형,22,
연세대학교,의과대학,의예과,학생부종합전형,활동우수형,42,
연세대학교,치과대학,치의예과,학생부교과전형,추천형,12,
연세대학교,치과대학,치의예과,학생부종합전형,활동우수형,12,
연세대학교,간호대학,간호학과,학생부교과전형,추천형,10,
연세대학교,간호대학,간호학과,학생부종합전형,활동우수형,24,
연세대학교,약학대학,약학과,학생부교과전형,추천형,6,
연세대학교,약학대학,약학과,학생부종합전형,활동우수형,6,
고려대학교,경영대학,경영대학,학생부교과전형,학교추천,80,
고려대학교,경영대학,경영대학,학생부종합전형,일반전형 - 학업우수형,84,
고려대학교,경영대학,경영대학,학생부종합전형,일반전형 - 계열적합성,41,
고려대학교,문과대학,국어국문학과,학생부교과전형,학교추천,13,
고려대학교,문과대학,국어국문학과,학생부종합전형,일반전형 - 학업우수형,12,
고려대학교,문과대학,국어국문학과,학생부종합전형,일반전형 - 계열적합성,6,
고려대학교,문과대학,철학과,학생부교과전형,학교추천,9,
고려대학교,문과대학,철학과,학생부종합전형,일반전형 - 학업우수형,9,
고려대학교,문과대학,철학과,학생부종합전형,일반전형 - 계열적합성,5,
고려대학교,문과대학,한국사학과,학생부교과전형,학교추천,6,
고려대학교,문과대학,한국사학과,학생부종합전형,일반전형 - 학업우수형,5,
고려대학교,문과대학,한국사학과,학생부종합전형,일반전형 - 계열적합성,3,
고려대학교,문과대학,사학과,학생부교과전형,학교추천,10,
고려대학교,문과대학,사학과,학생부종합전형,일반전형 - 학업우수형,10,
고려대학교,문과대학,사학과,학생부종합전형,일반전형 - 계열적합성,5,
고려대학교,문과대학,사회학과,학생부교과전형,학교추천,17,
고려대학교,문과대학,사회학과,학생부종합전형,일반전형 - 학업우수형,20,
고려대학교,문과대학,사회학과,학생부종합전형,일반전형 - 계열적합성,5,
고려대학교,문과대학,한문학과,학생부교과전형,학교추천,6,
고려대학교,문과대학,한문학과,학생부종합전형,일반전형 - 학업우수형,5,
고려대학교,문과대학,한문학과,학생부종합전형,일반전형 - 계열적합성,3,
고려대학교,문과대학,영어영문학과,학생부교과전형,학교추천,22,
고려대학교,문과대학,영어영문학과,학생부종합전형,일반전형 - 학업우수형,23,
고려대학교,문과대학,영어영문학과,학생부종합전형,일반전형 - 계열적합성,12,
고려대학교,문과대학,독어독문학과,학생부교과전형,학교추천,8,
고려대학교,문과대학,독어독문학과,학생부종합전형,일반전형 - 학업우수형,8,
고려대학교,문과대학,독어독문학과,학생부종합전형,일반전형 - 계열적합성,5,
고려대학교,문과대학,불어불문하과,학생부교과전형,학교추천,9,
고려대학교,문과대학,불어불문하과,학생부종합전형,일반전형 - 학업우수형,8,
고려대학교,문과대학,불어불문하과,학생부종합전형,일반전형 - 계열적합성,5,
고려대학교,문과대학,중어중문학과,학생부교과전형,학교추천,12,
고려대학교,문과대학,중어중문학과,학생부종합전형,일반전형 - 학업우수형,11,
고려대학교,문과대학,중어중문학과,학생부종합전형,일반전형 - 계열적합성,6,
고려대학교,문과대학,노어노문학과,학생부교과전형,학교추천,8,
고려대학교,문과대학,노어노문학과,학생부종합전형,일반전형 - 학업우수형,8,
고려대학교,문과대학,노어노문학과,학생부종합전형,일반전형 - 계열적합성,5,
고려대학교,문과대학,일어일문학과,학생부교과전형,학교추천,9,
고려대학교,문과대학,일어일문학과,학생부종합전형,일반전형 - 학업우수형,10,
고려대학교,문과대학,일어일문학과,학생부종합전형,일반전형 - 계열적합성,5,
고려대학교,문과대학,서어서문학과,학생부교과전형,학교추천,10,
고려대학교,문과대학,서어서문학과,학생부종합전형,일반전형 - 학업우수형,9,
고려대학교,문과대학,서어서문학과,학생부종합전형,일반전형 - 계열적합성,7,
고려대학교,문과대학,언어학과,학생부교과전형,학교추천,6,
고려대학교,문과대학,언어학과,학생부종합전형,일반전형 - 학업우수형,6,
고려대학교,문과대학,언어학과,학생부종합전형,일반전형 - 계열적합성,4,
고려대학교,생명과학대학,생명과학부,학생부교과전형,학교추천,21,
고려대학교,생명과학대학,생명과학부,학생부종합전형,일반전형 - 학업우수형,22,
고려대학교,생명과학대학,생명과학부,학생부종합전형,일반전형 - 계열적합성,11,
고려대학교,생명과학대학,생명공학부,학생부교과전형,학교추천,23,
고려대학교,생명과학대학,생명공학부,학생부종합전형,일반전형 - 학업우수형,30,
고려대학교,생명과학대학,생명공학부,학생부종합전형,일반전형 - 계열적합성,6,
고려대학교,생명과학대학,식품공학과,학생부교과전형,학교추천,10,
고려대학교,생명과학대학,식품공학과,학생부종합전형,일반전형 - 학업우수형,10,
고려대학교,생명과학대학,식품공학과,학생부종합전형,일반전형 - 계열적합성,5,
고려대학교,생명과학대학,환경생태공학부,학생부교과전형,학교추천,15,
고려대학교,생명과학대학,환경생태공학부,학생부종합전형,일반전형 - 학업우수형,16,
고려대학교,생명과학대학,환경생태공학부,학생부종합전형,일반전형 - 계열적합성,8,
고려대학교,생명과학대학,식품자원경제학과,학생부교과전형,학교추천,17,
고려대학교,생명과학대학,식품자원경제학과,학생부종합전형,일반전형 - 학업우수형,17,
고려대학교,생명과학대학,식품자원경제학과,학생부종합전형,일반전형 - 계열적합성,8,
고려대학교,정경대학,정치외교학과,학생부교과전형,학교추천,18,
고려대학교,정경대학,정치외교학과,학생부종합전형,일반전형 - 학업우수형,17,
고려대학교,정경대학,정치외교학과,학생부종합전형,일반전형 - 계열적합성,7,
고려대학교,정경대학,경제학과,학생부교과전형,학교추천,28,
고려대학교,정경대학,경제학과,학생부종합전형,일반전형 - 학업우수형,29,
고려대학교,정경대학,경제학과,학생부종합전형,일반전형 - 계열적합성,15,
고려대학교,정경대학,통계학과,학생부교과전형,학교추천,15,
고려대학교,정경대학,통계학과,학생부종합전형,일반전형 - 학업우수형,16,
고려대학교,정경대학,통계학과,학생부종합전형,일반전형 - 계열적합성,8,
고려대학교,정경대학,행정학과,학생부교과전형,학교추천,17,
고려대학교,정경대학,행정학과,학생부종합전형,일반전형 - 학업우수형,17,
고려대학교,정경대학,행정학과,학생부종합전형,일반전형 - 계열적합성,8,
고려대학교,이과대학,수학과,학생부교과전형,학교추천,10,
고려대학교,이과대학,수학과,학생부종합전형,일반전형 - 학업우수형,10,
고려대학교,이과대학,수학과,학생부종합전형,일반전형 - 계열적합성,5,
고려대학교,이과대학,물리학과,학생부교과전형,학교추천,10,
고려대학교,이과대학,물리학과,학생부종합전형,일반전형 - 학업우수형,10,
고려대학교,이과대학,물리학과,학생부종합전형,일반전형 - 계열적합성,5,
고려대학교,이과대학,화학과,학생부교과전형,학교추천,12,
고려대학교,이과대학,화학과,학생부종합전형,일반전형 - 학업우수형,8,
고려대학교,이과대학,화학과,학생부종합전형,일반전형 - 계열적합성,5,
고려대학교,이과대학,지구환경과학과,학생부교과전형,학교추천,8,
고려대학교,이과대학,지구환경과학과,학생부종합전형,일반전형 - 학업우수형,7,
고려대학교,이과대학,지구환경과학과,학생부종합전형,일반전형 - 계열적합성,4,
고려대학교,공과대학,화공생명공학과,학생부교과전형,학교추천,19,
고려대학교,공과대학,화공생명공학과,학생부종합전형,일반전형 - 학업우수형,16,
고려대학교,공과대학,화공생명공학과,학생부종합전형,일반전형 - 계열적합성,9,
고려대학교,공과대학,신소재공학부,학생부교과전형,학교추천,29,
고려대학교,공과대학,신소재공학부,학생부종합전형,일반전형 - 학업우수형,29,
고려대학교,공과대학,신소재공학부,학생부종합전형,일반전형 - 계열적합성,16,
고려대학교,공과대학,건축사회환경공학부,학생부교과전형,학교추천,20,
고려대학교,공과대학,건축사회환경공학부,학생부종합전형,일반전형 - 학업우수형,21,
고려대학교,공과대학,건축사회환경공학부,학생부종합전형,일반전형 - 계열적합성,11,
고려대학교,공과대학,건축학과,학생부교과전형,학교추천,9,
고려대학교,공과대학,건축학과,학생부종합전형,일반전형 - 학업우수형,9,
고려대학교,공과대학,건축학과,학생부종합전형,일반전형 - 계열적합성,5,
고려대학교,공과대학,기계공학부,학생부교과전형,학교추천,30,
고려대학교,공과대학,기계공학부,학생부종합전형,일반전형 - 학업우수형,30,
고려대학교,공과대학,기계공학부,학생부종합전형,일반전형 - 계열적합성,15,
고려대학교,공과대학,산업경영공학부,학생부교과전형,학교추천,12,
고려대학교,공과대학,산업경영공학부,학생부종합전형,일반전형 - 학업우수형,12,
고려대학교,공과대학,산업경영공학부,학생부종합전형,일반전형 - 계열적합성,6,
고려대학교,공과대학,전기전자공학부,학생부교과전형,학교추천,32,
고려대학교,공과대학,전기전자공학부,학생부종합전형,일반전형 - 학업우수형,47,
고려대학교,공과대학,전기전자공학부,학생부종합전형,일반전형 - 계열적합성,15,
고려대학교,공과대학,반도체공학과,학생부종합전형,일반전형 - 학업우수형,10,
고려대학교,공과대학,반도체공학과,학생부종합전형,일반전형 - 계열적합성,15,
고려대학교,공과대학,융합에너지공학과,학생부교과전형,학교추천,7,
고려대학교,공과대학,융합에너지공학과,학생부종합전형,일반전형 - 학업우수형,7,
고려대학교,공과대학,융합에너지공학과,학생부종합전형,일반전형 - 계열적합성,4,
고려대학교,의과대학,의과대학,학생부교과전형,학교추천,30,
고려대학교,의과대학,의과대학,학생부종합전형,일반전형 - 학업우수형,36,
고려대학교,의과대학,의과대학,학생부종합전형,일반전형 - 계열적합성,15,
고려대학교,사범대학,교육학과,학생부교과전형,학교추천,11,
고려대학교,사범대학,교육학과,학생부종합전형,일반전형 - 학업우수형,12,
고려대학교,사범대학,교육학과,학생부종합전형,일반전형 - 계열적합성,5,
고려대학교,사범대학,국어교육과,학생부교과전형,학교추천,10,
고려대학교,사범대학,국어교육과,학생부종합전형,일반전형 - 학업우수형,9,
고려대학교,사범대학,국어교육과,학생부종합전형,일반전형 - 계열적합성,5,
고려대학교,사범대학,영어교육과,학생부교과전형,학교추천,14,
고려대학교,사범대학,영어교육과,학생부종합전형,일반전형 - 학업우수형,14,
고려대학교,사범대학,영어교육과,학생부종합전형,일반전형 - 계열적합성,8,
고려대학교,사범대학,지리교육과,학생부교과전형,학교추천,8,
고려대학교,사범대학,지리교육과,학생부종합전형,일반전형 - 학업우수형,8,
고려대학교,사범대학,지리교육과,학생부종합전형,일반전형 - 계열적합성,4,
고려대학교,사범대학,역사교육과,학생부교과전형,학교추천,7,
고려대학교,사범대학,역사교육과,학생부종합전형,일반전형 - 학업우수형,7,
고려대학교,사범대학,역사교육과,학생부종합전형,일반전형 - 계열적합성,4,
고려대학교,사범대학,가정교육과,학생부교과전형,학교추천,8,
고려대학교,사범대학,가정교육과,학생부종합전형,일반전형 - 학업우수형,8,
고려대학교,사범대학,가정교육과,학생부종합전형,일반전형 - 계열적합성,4,
고려대학교,사범대학,수학교육과,학생부교과전형,학교추천,8,
고려대학교,사범대학,수학교육과,학생부종합전형,일반전형 - 학업우수형,8,
고려대학교,사범대학,수학교육과,학생부종합전형,일반전형 - 계열적합성,5,
고려대학교,사범대학,체육교육과,특기자전형,특기자전형,40,
고려대학교,간호대학,간호대학,학생부교과전형,학교추천,18,
고려대학교,간호대학,간호대학,학생부종합전형,일반전형 - 학업우수형,13,
고려대학교,간호대학,간호대학,학생부종합전형,일반전형 - 계열적합성,3,
고려대학교,정보대학,컴퓨터학과,학생부교과전형,학교추천,25,
고려대학교,정보대학,컴퓨터학과,학생부종합전형,일반전형 - 학업우수형,26,
고려대학교,정보대학,컴퓨터학과,학생부종합전형,일반전형 - 계열적합성,14,
고려대학교,정보대학,데이터과학과,학생부교과전형,학교추천,7,
고려대학교,정보대학,데이터과학과,학생부종합전형,일반전형 - 학업우수형,4,
고려대학교,정보대학,데이터과학과,학생부종합전형,일반전형 - 계열적합성,7,
고려대학교,디자인조형학부,디자인조형학부,특기자전형,특기자전형,15,
고려대학교,국제대학,국제학부,학생부교과전형,학교추천,5,
고려대학교,국제대학,국제학부,학생부종합전형,일반전형 - 학업우수형,20,
고려대학교,국제대학,국제학부,학생부종합전형,일반전형 - 계열적합성,21,
고려대학교,국제대학,글로벌한국융합학부,학생부종합전형,일반전형 - 계열적합성,5,
고려대학교,미디어학부,미디어학부,학생부교과전형,학교추천,17,
고려대학교,미디어학부,미디어학부,학생부종합전형,일반전형 - 학업우수형,17,
고려대학교,미디어학부,미디어학부,학생부종합전형,일반전형 - 계열적합성,8,
고려대학교,보건과학대학,바이오의공학부,학생부교과전형,학교추천,15,
고려대학교,보건과학대학,바이오의공학부,학생부종합전형,일반전형 - 학업우수형,16,
고려대학교,보건과학대학,바이오의공학부,학생부종합전형,일반전형 - 계열적합성,7,
고려대학교,보건과학대학,바이오시스템의과학부,학생부교과전형,학교추천,15,
고려대학교,보건과학대학,바이오시스템의과학부,학생부종합전형,일반전형 - 학업우수형,16,
고려대학교,보건과학대학,바이오시스템의과학부,학생부종합전형,일반전형 - 계열적합성,7,
고려대학교,보건과학대학,보건환경융합과학부,학생부교과전형,학교추천,25,
고려대학교,보건과학대학,보건환경융합과학부,학생부종합전형,일반전형 - 학업우수형,26,
고려대학교,보건과학대학,보건환경융합과학부,학생부종합전형,일반전형 - 계열적합성,12,
고려대학교,보건과학대학,보건정책관리학부,학생부교과전형,학교추천,17,
고려대학교,보건과학대학,보건정책관리학부,학생부종합전형,일반전형 - 학업우수형,16,
고려대학교,보건과학대학,보건정책관리학부,학생부종합전형,일반전형 - 계열적합성,9,
고려대학교,보건과학대학,자유전공학부,학생부교과전형,학교추천,20,
고려대학교,보건과학대학,자유전공학부,학생부종합전형,일반전형 - 학업우수형,22,
고려대학교,보건과학대학,자유전공학부,학생부종합전형,일반전형 - 계열적합성,11,
고려대학교,자유전공학부,스마트보안학부,학생부교과전형,학교추천,7,
고려대학교,자유전공학부,스마트보안학부,학생부종합전형,일반전형 - 학업우수형,7,
고려대학교,자유전공학부,스마트보안학부,학생부종합전형,일반전형 - 계열적합성,4,
고려대학교,스마트보안학부,사이버국방학과,특기자전형,특기자전형,18,
고려대학교,심리학부,심리학부,학생부교과전형,학교추천,11,
고려대학교,심리학부,심리학부,학생부종합전형,일반전형 - 학업우수형,9,
고려대학교,심리학부,심리학부,학생부종합전형,일반전형 - 계열적합성,10,
서강대학교,인문계,인문계열,학생부교과전형,고교장추천,14,
서강대학교,인문계,인문계열,논술전형,논술전형,16,
서강대학교,인문계,국어국문학과,학생부종합전형,일반전형,10,
서강대학교,인문계,사학과,학생부종합전형,일반전형,10,
서강대학교,인문계,철학과,학생부종합전형,일반전형,10,
서강대학교,인문계,종교학과,학생부종합전형,일반전형,18,
서강대학교,영미문화계,영미문화계,학생부교과전형,고교장추천,10,
서강대학교,영미문화계,영미문화계,논술전형,논술전형,10,
서강대학교,유럽문화전공,유럽문화전공,학생부교과전형,고교장추천,6,
서강대학교,유럽문화전공,유럽문화전공,학생부종합전형,일반전형,25,
서강대학교,중국문화전공,중국문화전공,학생부교과전형,고교장추천,4,
서강대학교,중국문화전공,중국문화전공,학생부종합전형,일반전형,16,
서강대학교,사회과학부,사회과학부,학생부교과전형,고교장추천,11,
서강대학교,사회과학부,사회과학부,논술전형,논술전형,14,
서강대학교,사회과학부,사회학과,학생부종합전형,일반전형,11,
서강대학교,사회과학부,정치외교학과,학생부종합전형,일반전형,11,
서강대학교,사회과학부,심리학과,학생부종합전형,일반전형,11,
서강대학교,경제학부,경제학과,학생부교과전형,고교장추천,18,
서강대학교,경제학부,경제학과,논술전형,논술전형,21,
서강대학교,경제학부,경제학과,학생부종합전형,일반전형,56,
서강대학교,경영학부,경영학과,학생부교과전형,고교장추천,28,
서강대학교,경영학부,경영학과,논술전형,논술전형,36,
서강대학교,경영학부,경영학과,학생부종합전형,일반전형,95,
서강대학교,지식융합미디어학부,지식융합미디어학부,학생부교과전형,고교장추천,15,
서강대학교,지식융합미디어학부,지식융합미디어학부,논술전형,논술전형,14,
서강대학교,지식융합미디어학부,신문방송학과,학생부종합전형,일반전형,12,
서강대학교,지식융합미디어학부,미디어&엔터테인먼트전공,학생부종합전형,일반전형,12,
서강대학교,지식융합미디어학부,글로벌한국학과,학생부종합전형,일반전형,12,
서강대학교,지식융합미디어학부,아트&테크놀로지전공,학생부종합전형,일반전형,12,
서강대학교,수학전공,수학과,학생부교과전형,고교장추천,6,
서강대학교,수학전공,수학과,논술전형,논술전형,6,
서강대학교,수학전공,수학과,학생부종합전형,일반전형,17,
서강대학교,물리학전공,물리학과,학생부교과전형,고교장추천,6,
서강대학교,물리학전공,물리학과,논술전형,논술전형,6,
서강대학교,물리학전공,물리학과,학생부종합전형,일반전형,16,
서강대학교,화학전공,화학과,학생부교과전형,고교장추천,6,
서강대학교,화학전공,화학과,학생부종합전형,일반전형,23,
서강대학교,생명과학전공,생명과학과,학생부교과전형,고교장추천,6,
서강대학교,생명과학전공,생명과학과,학생부종합전형,일반전형,22,
서강대학교,전자공학전공,전자공학과,학생부교과전형,고교장추천,11,
서강대학교,전자공학전공,전자공학과,논술전형,논술전형,12,
서강대학교,전자공학전공,전자공학과,학생부종합전형,일반전형,35,
서강대학교,컴퓨터공학전공,컴퓨터공학과,학생부교과전형,고교장추천,11,
서강대학교,컴퓨터공학전공,컴퓨터공학과,논술전형,논술전형,12,
서강대학교,컴퓨터공학전공,컴퓨터공학과,학생부종합전형,일반전형,34,
서강대학교,화공생명공학전공,화공생명공학과,학생부교과전형,고교장추천,11,
서강대학교,화공생명공학전공,화공생명공학과,논술전형,논술전형,12,
서강대학교,화공생명공학전공,화공생명공학과,학생부종합전형,일반전형,34,
서강대학교,기계공학전공,기계공학과,학생부교과전형,고교장추천,9,
서강대학교,기계공학전공,기계공학과,논술전형,논술전형,10,
서강대학교,기계공학전공,기계공학과,학생부종합전형,일반전형,28,
성균관대학교,글로벌융합학부,글로벌융합학부,학생부종합전형,계열모집,50,
성균관대학교,인문계,인문과학계열,학생부종합전형,계열모집,40,
성균관대학교,인문계,인문과학계열,학생부교과전형,학교장추천,40,
성균관대학교,인문계,인문과학계열,논술전형,논술우수,40,
성균관대학교,인문계,사회과학계열,학생부종합전형,계열모집,55,
성균관대학교,인문계,사회과학계열,학생부교과전형,학교장추천,40,
성균관대학교,인문계,사회과학계열,논술전형,논술우수,40,
성균관대학교,인문계,경영학과,학생부종합전형,학과모집,70,
성균관대학교,인문계,경영학과,논술전형,논술우수,25,
성균관대학교,인문계,글로벌리더학과,학생부종합전형,학과모집,36,
성균관대학교,인문계,글로벌리더학과,논술전형,논술우수,15,
성균관대학교,인문계,글로벌경제학과,학생부종합전형,학과모집,50,
성균관대학교,인문계,글로벌경제학과,논술전형,논술우수,15,
성균관대학교,인문계,글로벌경영학과,학생부종합전형,학과모집,57,
성균관대학교,인문계,글로벌경영학과,논술전형,논술우수,15,
성균관대학교,인문계,교육학과,학생부종합전형,학과모집,15,
성균관대학교,인문계,교육학과,학생부교과전형,학교장추천,5,
성균관대학교,인문계,한문교육과,학생부종합전형,학과모집,15,
성균관대학교,인문계,한문교육과,학생부교과전형,학교장추천,5,
성균관대학교,인문계,유학동양학과,학생부종합전형,학과모집,20,
성균관대학교,인문계,유학동양학과,학생부교과전형,학교장추천,10,
성균관대학교,인문계,국어국문학과,학생부종합전형,학과모집,9,
성균관대학교,인문계,국어국문학과,학생부교과전형,학교장추천,3,
성균관대학교,인문계,프랑스어문학과,학생부종합전형,학과모집,9,
성균관대학교,인문계,프랑스어문학과,학생부교과전형,학교장추천,3,
성균관대학교,인문계,독어독문학과,학생부종합전형,학과모집,9,
성균관대학교,인문계,독어독문학과,학생부교과전형,학교장추천,3,
성균관대학교,인문계,러시아어문학과,학생부종합전형,학과모집,9,
성균관대학교,인문계,러시아어문학과,학생부교과전형,학교장추천,3,
성균관대학교,인문계,한문학과,학생부종합전형,학과모집,15,
성균관대학교,인문계,한문학과,학생부교과전형,학교장추천,5,
성균관대학교,인문계,사학과,학생부종합전형,학과모집,9,
성균관대학교,인문계,사학과,학생부교과전형,학교장추천,3,
성균관대학교,인문계,철학과,학생부종합전형,학과모집,9,
성균관대학교,인문계,철학과,학생부교과전형,학교장추천,3,
성균관대학교,인문계,사회학과,학생부종합전형,학과모집,15,
성균관대학교,인문계,사회학과,학생부교과전형,학교장추천,5,
성균관대학교,인문계,사회복지학과,학생부종합전형,학과모집,15,
성균관대학교,인문계,사회복지학과,학생부교과전형,학교장추천,5,
성균관대학교,인문계,심리학과,학생부종합전형,학과모집,9,
성균관대학교,인문계,심리학과,학생부교과전형,학교장추천,3,
성균관대학교,인문계,아동청소년학과,학생부종합전형,학과모집,15,
성균관대학교,인문계,아동청소년학과,학생부교과전형,학교장추천,5,
성균관대학교,인문계,통계학과,학생부종합전형,학과모집,9,
성균관대학교,인문계,통계학과,학생부교과전형,학교장추천,3,
성균관대학교,인문계,영상학과,학생부종합전형,학과모집,12,
성균관대학교,인문계,영상학과,학생부교과전형,학교장추천,5,
성균관대학교,인문계,의상학과,학생부종합전형,학과모집,15,
성균관대학교,인문계,의상학과,학생부교과전형,학교장추천,5,
성균관대학교,자연계,자연과학계열,학생부종합전형,계열모집,45,
성균관대학교,자연계,자연과학계열,학생부교과전형,학교장추천,40,
성균관대학교,자연계,자연과학계열,논술전형,논술우수,35,
성균관대학교,자연계,전자전기공학부,학생부종합전형,학과모집,60,
성균관대학교,자연계,전자전기공학부,학생부교과전형,학교장추천,25,
성균관대학교,자연계,전자전기공학부,논술전형,논술우수,25,
성균관대학교,자연계,공학계열,학생부종합전형,계열모집,140,
성균관대학교,자연계,공학계열,학생부교과전형,학교장추천,70,
성균관대학교,자연계,공학계열,논술전형,논술우수,80,
성균관대학교,자연계,소프트웨어학과,학생부종합전형,학과모집,30,
성균관대학교,자연계,소프트웨어학과,학생부교과전형,학교장추천,10,
성균관대학교,자연계,소프트웨어학과,논술전형,논술우수,10,
성균관대학교,자연계,반도체시스템공학과,학생부종합전형,학과모집,28,
성균관대학교,자연계,반도체시스템공학과,논술전형,논술우수,12,
성균관대학교,자연계,글로벌바이오메디컬공학과,학생부종합전형,학과모집,30,
성균관대학교,자연계,글로벌바이오메디컬공학과,논술전형,논술우수,10,
성균관대학교,자연계,건축학과(5년제),학생부종합전형,학과모집,21,
성균관대학교,자연계,건축학과(5년제),학생부교과전형,학교장추천,5,
성균관대학교,자연계,건축학과(5년제),논술전형,논술우수,15,
성균관대학교,자연계,약학과,학생부종합전형,학과모집,30,
성균관대학교,자연계,약학과,논술전형,논술우수,5,
성균관대학교,자연계,의예과,학생부종합전형,학과모집,25,
성균관대학교,자연계,수학교육과,학생부종합전형,학과모집,15,
성균관대학교,자연계,수학교육과,학생부교과전형,학교장추천,5,
성균관대학교,자연계,컴퓨터교육과,학생부종합전형,학과모집,15,
성균관대학교,자연계,컴퓨터교육과,학생부교과전형,학교장추천,5,
성균관대학교,자연계,생명과학과,학생부종합전형,학과모집,9,
성균관대학교,자연계,생명과학과,학생부교과전형,학교장추천,3,
성균관대학교,자연계,수학과,학생부종합전형,학과모집,9,
성균관대학교,자연계,수학과,학생부교과전형,학교장추천,3,
성균관대학교,자연계,물리학과,학생부종합전형,학과모집,9,
성균관대학교,자연계,물리학과,학생부교과전형,학교장추천,3,
성균관대학교,자연계,화학과,학생부종합전형,학과모집,9,
성균관대학교,자연계,화학과,학생부교과전형,학교장추천,3,
성균관대학교,자연계,건설환경공학부,학생부종합전형,학과모집,9,
성균관대학교,자연계,건설환경공학부,학생부교과전형,학교장추천,3,
성균관대학교,예체능계,연기예술학과 - 연기전공,특기자전형,특기자전형,20,
성균관대학교,예체능계,연기예술학과 - 연출전공,특기자전형,특기자전형,9,
성균관대학교,예체능계,무용학과 - 한국무용전공,특기자전형,특기자전형,13,
성균관대학교,예체능계,무용학과 - 발레전공,특기자전형,특기자전형,12,
성균관대학교,예체능계,무용학과 - 현대무용전공,특기자전형,특기자전형,12,
성균관대학교,예체능계,스포츠과학,학생부종합전형,학과모집,20,
성균관대학교,예체능계,스포츠과학,특기자전형,특기자전형,32,
한양대학교,공과대학,건축학부,학생부교과전형,지역균형발전전형,6,
한양대학교,공과대학,건축학부,학생부종합전형,일반전형,11,
한양대학교,공과대학,건축학부,논술전형,논술전형,5,
한양대학교,공과대학,건축공학부,학생부교과전형,지역균형발전전형,5,
한양대학교,공과대학,건축공학부,학생부종합전형,일반전형,10,
한양대학교,공과대학,건축공학부,논술전형,논술전형,5,
한양대학교,공과대학,건설환경공학과,학생부교과전형,지역균형발전전형,7,
한양대학교,공과대학,건설환경공학과,학생부종합전형,일반전형,13,
한양대학교,공과대학,건설환경공학과,논술전형,논술전형,5,
한양대학교,공과대학,도시공학과,학생부교과전형,지역균형발전전형,5,
한양대학교,공과대학,도시공학과,학생부종합전형,일반전형,10,
한양대학교,공과대학,도시공학과,논술전형,논술전형,4,
한양대학교,공과대학,자원환경공학과,학생부교과전형,지역균형발전전형,3,
한양대학교,공과대학,자원환경공학과,학생부종합전형,일반전형,7,
한양대학교,공과대학,자원환경공학과,논술전형,논술전형,3,
한양대학교,공과대학,융합전자공학부,학생부교과전형,지역균형발전전형,17,
한양대학교,공과대학,융합전자공학부,학생부종합전형,일반전형,41,
한양대학교,공과대학,융합전자공학부,논술전형,논술전형,17,
한양대학교,공과대학,컴퓨터소프트웨어학부,학생부교과전형,지역균형발전전형,16,
한양대학교,공과대학,컴퓨터소프트웨어학부,학생부종합전형,일반전형,35,
한양대학교,공과대학,컴퓨터소프트웨어학부,논술전형,논술전형,16,
한양대학교,공과대학,컴퓨터소프트웨어학부,특기자전형,특기자전형,13,
한양대학교,공과대학,정보시스템학과(상경),학생부교과전형,지역균형발전전형,5,
한양대학교,공과대학,정보시스템학과(상경),학생부종합전형,일반전형,9,
한양대학교,공과대학,정보시스템학과(상경),논술전형,논술전형,4,
한양대학교,공과대학,전기생체공학부(전기공학),학생부교과전형,지역균형발전전형,6,
한양대학교,공과대학,전기생체공학부(전기공학),학생부종합전형,일반전형,17,
한양대학교,공과대학,전기생체공학부(전기공학),논술전형,논술전형,7,
한양대학교,공과대학,전기생체공학부(바이오메디컬공학),학생부종합전형,일반전형,11,
한양대학교,공과대학,전기생체공학부(바이오메디컬공학),논술전형,논술전형,4,
한양대학교,공과대학,신소재공학부,학생부교과전형,지역균형발전전형,10,
한양대학교,공과대학,신소재공학부,학생부종합전형,일반전형,23,
한양대학교,공과대학,신소재공학부,논술전형,논술전형,9,
한양대학교,공과대학,화학공학과,학생부교과전형,지역균형발전전형,6,
한양대학교,공과대학,화학공학과,학생부종합전형,일반전형,14,
한양대학교,공과대학,화학공학과,논술전형,논술전형,6,
한양대학교,공과대학,생명공학과,학생부교과전형,지역균형발전전형,3,
한양대학교,공과대학,생명공학과,학생부종합전형,일반전형,6,
한양대학교,공과대학,생명공학과,논술전형,논술전형,3,
한양대학교,공과대학,유기나노공학과,학생부교과전형,지역균형발전전형,4,
한양대학교,공과대학,유기나노공학과,학생부종합전형,일반전형,7,
한양대학교,공과대학,유기나노공학과,논술전형,논술전형,3,
한양대학교,공과대학,에너지공학과,학생부교과전형,지역균형발전전형,3,
한양대학교,공과대학,에너지공학과,학생부종합전형,일반전형,7,
한양대학교,공과대학,에너지공학과,논술전형,논술전형,4,
한양대학교,공과대학,기계공학부,학생부교과전형,지역균형발전전형,21,
한양대학교,공과대학,기계공학부,학생부종합전형,일반전형,40,
한양대학교,공과대학,기계공학부,논술전형,논술전형,15,
한양대학교,공과대학,원자력공학과,학생부교과전형,지역균형발전전형,5,
한양대학교,공과대학,원자력공학과,학생부종합전형,일반전형,8,
한양대학교,공과대학,원자력공학과,논술전형,논술전형,4,
한양대학교,공과대학,산업공학과,학생부교과전형,지역균형발전전형,5,
한양대학교,공과대학,산업공학과,학생부종합전형,일반전형,11,
한양대학교,공과대학,산업공학과,논술전형,논술전형,5,
한양대학교,공과대학,미래자동차공학과,학생부교과전형,지역균형발전전형,1,
한양대학교,공과대학,미래자동차공학과,학생부종합전형,일반전형,11,
한양대학교,공과대학,미래자동차공학과,논술전형,논술전형,5,
한양대학교,공과대학,데이터사이언스학부,학생부교과전형,지역균형발전전형,10,
한양대학교,공과대학,데이터사이언스학부,학생부종합전형,일반전형,41,
한양대학교,의과대학,의예과,학생부종합전형,일반전형,36,
한양대학교,의과대학,의예과,논술전형,논술전형,8,
한양대학교,인문대학,국어국문학과,학생부교과전형,지역균형발전전형,4,
한양대학교,인문대학,국어국문학과,학생부종합전형,일반전형,7,
한양대학교,인문대학,국어국문학과,논술전형,논술전형,4,
한양대학교,인문대학,중어중문학과,학생부교과전형,지역균형발전전형,7,
한양대학교,인문대학,중어중문학과,학생부종합전형,일반전형,14,
한양대학교,인문대학,영어영문학과,학생부교과전형,지역균형발전전형,8,
한양대학교,인문대학,영어영문학과,학생부종합전형,일반전형,13,
한양대학교,인문대학,독어독문학과,학생부교과전형,지역균형발전전형,4,
한양대학교,인문대학,독어독문학과,학생부종합전형,일반전형,14,
한양대학교,인문대학,사학과,학생부교과전형,지역균형발전전형,3,
한양대학교,인문대학,사학과,학생부종합전형,일반전형,6,
한양대학교,인문대학,사학과,논술전형,논술전형,4,
한양대학교,인문대학,철학과,학생부교과전형,지역균형발전전형,3,
한양대학교,인문대학,철학과,학생부종합전형,일반전형,4,
한양대학교,인문대학,철학과,논술전형,논술전형,3,
한양대학교,사회과학대학,정치외교학과,학생부교과전형,지역균형발전전형,4,
한양대학교,사회과학대학,정치외교학과,학생부종합전형,일반전형,9,
한양대학교,사회과학대학,정치외교학과,논술전형,논술전형,4,
한양대학교,사회과학대학,사회학과,학생부교과전형,지역균형발전전형,4,
한양대학교,사회과학대학,사회학과,학생부종합전형,일반전형,8,
한양대학교,사회과학대학,사회학과,논술전형,논술전형,4,
한양대학교,사회과학대학,미디어커뮤니케이션학과,학생부교과전형,지역균형발전전형,6,
한양대학교,사회과학대학,미디어커뮤니케이션학과,학생부종합전형,일반전형,12,
한양대학교,사회과학대학,미디어커뮤니케이션학과,논술전형,논술전형,5,
한양대학교,사회과학대학,관광학부,학생부교과전형,지역균형발전전형,5,
한양대학교,사회과학대학,관광학부,학생부종합전형,일반전형,9,
한양대학교,사회과학대학,관광학부,논술전형,논술전형,4,
한양대학교,자연과학대학,수학과,학생부교과전형,지역균형발전전형,5,
한양대학교,자연과학대학,수학과,학생부종합전형,일반전형,8,
한양대학교,자연과학대학,수학과,논술전형,논술전형,8,
한양대학교,자연과학대학,물리학과,학생부교과전형,지역균형발전전형,4,
한양대학교,자연과학대학,물리학과,학생부종합전형,일반전형,10,
한양대학교,자연과학대학,물리학과,논술전형,논술전형,5,
한양대학교,자연과학대학,화학과,학생부교과전형,지역균형발전전형,7,
한양대학교,자연과학대학,화학과,학생부종합전형,일반전형,13,
한양대학교,자연과학대학,화학과,논술전형,논술전형,5,
한양대학교,자연과학대학,생명과학과,학생부교과전형,지역균형발전전형,6,
한양대학교,자연과학대학,생명과학과,학생부종합전형,일반전형,12,
한양대학교,자연과학대학,생명과학과,논술전형,논술전형,5,
한양대학교,정책과학대학,정책학과,학생부교과전형,지역균형발전전형,12,
한양대학교,정책과학대학,정책학과,학생부종합전형,일반전형,32,
한양대학교,정책과학대학,정책학과,논술전형,논술전형,6,
한양대학교,정책과학대학,행정학과,학생부교과전형,지역균형발전전형,5,
한양대학교,정책과학대학,행정학과,학생부종합전형,일반전형,10,
한양대학교,정책과학대학,행정학과,논술전형,논술전형,4,
한양대학교,경제금융대학,경제금융학부,학생부교과전형,지역균형발전전형,12,
한양대학교,경제금융대학,경제금융학부,학생부종합전형,일반전형,33,
한양대학교,경제금융대학,경제금융학부,논술전형,논술전형,11,
한양대학교,경영대학,경영학부,학생부교과전형,지역균형발전전형,32,
한양대학교,경영대학,경영학부,학생부종합전형,일반전형,84,
한양대학교,경영대학,경영학부,논술전형,논술전형,18,
한양대학교,경영대학,파이낸스경영학과,학생부교과전형,지역균형발전전형,6,
한양대학교,경영대학,파이낸스경영학과,학생부종합전형,일반전형,15,
한양대학교,경영대학,파이낸스경영학과,논술전형,논술전형,5,
한양대학교,사범대학,교육학과,학생부교과전형,지역균형발전전형,3,
한양대학교,사범대학,교육학과,학생부종합전형,일반전형,6,
한양대학교,사범대학,교육공학과,학생부교과전형,지역균형발전전형,3,
한양대학교,사범대학,교육공학과,학생부종합전형,일반전형,6,
한양대학교,사범대학,국어교육과,학생부교과전형,지역균형발전전형,3,
한양대학교,사범대학,국어교육과,학생부종합전형,일반전형,5,
한양대학교,사범대학,국어교육과,논술전형,논술전형,3,
한양대학교,사범대학,영어교육과,학생부교과전형,지역균형발전전형,3,
한양대학교,사범대학,영어교육과,학생부종합전형,일반전형,7,
한양대학교,사범대학,수학교육과,학생부교과전형,지역균형발전전형,3,
한양대학교,사범대학,수학교육과,학생부종합전형,일반전형,3,
한양대학교,사범대학,수학교육과,논술전형,논술전형,3,
한양대학교,사범대학,응용미술교육과,특기자전형,특기자전형,22,
한양대학교,생활과학대학,의류학과(자연),학생부교과전형,지역균형발전전형,4,
한양대학교,생활과학대학,의류학과(자연),학생부종합전형,일반전형,4,
한양대학교,생활과학대학,의류학과(자연),논술전형,논술전형,4,
한양대학교,생활과학대학,의류학과(인문),학생부교과전형,지역균형발전전형,7,
한양대학교,생활과학대학,의류학과(인문),학생부종합전형,일반전형,12,
한양대학교,생활과학대학,식품영양학과,학생부교과전형,지역균형발전전형,9,
한양대학교,생활과학대학,식품영양학과,학생부종합전형,일반전형,17,
한양대학교,생활과학대학,식품영양학과,논술전형,논술전형,8,
한양대학교,생활과학대학,실내건축디자인학과(자연),학생부교과전형,지역균형발전전형,4,
한양대학교,생활과학대학,실내건축디자인학과(자연),학생부종합전형,일반전형,6,
한양대학교,생활과학대학,실내건축디자인학과(자연),논술전형,논술전형,3,
한양대학교,생활과학대학,실내건축디자인학과(인문),학생부교과전형,지역균형발전전형,7,
한양대학교,생활과학대학,실내건축디자인학과(인문),학생부종합전형,일반전형,15,
한양대학교,음악대학,피아노과,특기자전형,특기자전형,8,
한양대학교,음악대학,관현악과,특기자전형,특기자전형,10,
한양대학교,음악대학,국악과,특기자전형,특기자전형,32,
한양대학교,예술체육대학,스포츠산업과학부(스포츠매니지먼트),학생부종합전형,일반전형,8,
한양대학교,예술체육대학,스포츠산업과학부(스포츠매니지먼트),특기자전형,특기자전형,5,
한양대학교,예술체육대학,스포츠산업과학부(스포츠사이언스),학생부종합전형,일반전형,7,
한양대학교,예술체육대학,스포츠산업과학부(스포츠사이언스),특기자전형,특기자전형,5,
한양대학교,예술체육대학,연극영화학과(영화전공),학생부종합전형,일반전형,7,
한양대학교,예술체육대학,연극영화학과(영화전공),논술전형,논술전형,4,
한양대학교,예술체육대학,연극영화학과(연기),특기자전형,특기자전형,3,
한양대학교,예술체육대학,무용학과,특기자전형,특기자전형,32,
한양대학교,간호학부,간호학과,논술전형,논술전형,5,
한양대학교,간호학부,간호학과,학생부교과전형,지역균형발전전형,11,
한양대학교,간호학부,간호학과,학생부종합전형,일반전형,5,
한양대학교,국제학부,국제학부,학생부종합전형,일반전형,40,